Original filename	New filename
FR-FCM-Z3HK - TcellPanel - glioma - SF11723 - Viable.fcs	01 FR-FCM-Z3HK - TcellPanel - glioma - SF11723 - Viable.fcs
FR-FCM-Z3HK - TcellPanel - glioma - SF11447 - Viable.fcs	02 FR-FCM-Z3HK - TcellPanel - glioma - SF11447 - Viable.fcs
FR-FCM-Z3HK - TcellPanel - glioma - SF10711 - Viable.fcs	03 FR-FCM-Z3HK - TcellPanel - glioma - SF10711 - Viable.fcs
FR-FCM-Z3HK - TcellPanel - glioma - SF11318A - Viable.fcs	04 FR-FCM-Z3HK - TcellPanel - glioma - SF11318A - Viable.fcs
FR-FCM-Z3HK - TcellPanel - glioma - SF11048 - Viable.fcs	05 FR-FCM-Z3HK - TcellPanel - glioma - SF11048 - Viable.fcs
FR-FCM-Z3HK - TcellPanel - glioma - SF10941 - Viable.fcs	06 FR-FCM-Z3HK - TcellPanel - glioma - SF10941 - Viable.fcs
FR-FCM-Z3HK - TcellPanel - glioma - SF11331 - Viable.fcs	07 FR-FCM-Z3HK - TcellPanel - glioma - SF11331 - Viable.fcs
FR-FCM-Z3HK - TcellPanel - glioma - SF11071 - Viable.fcs	08 FR-FCM-Z3HK - TcellPanel - glioma - SF11071 - Viable.fcs
FR-FCM-Z3HK - TcellPanel - glioma - SF11517 - Viable.fcs	09 FR-FCM-Z3HK - TcellPanel - glioma - SF11517 - Viable.fcs
FR-FCM-Z3HK - TcellPanel - glioma - SF11503 - Viable.fcs	10 FR-FCM-Z3HK - TcellPanel - glioma - SF11503 - Viable.fcs
FR-FCM-Z3HK - TcellPanel - glioma - SF11512 - Viable.fcs	11 FR-FCM-Z3HK - TcellPanel - glioma - SF11512 - Viable.fcs
FR-FCM-Z3HK - TcellPanel - glioma - SF11496 - Viable.fcs	12 FR-FCM-Z3HK - TcellPanel - glioma - SF11496 - Viable.fcs
FR-FCM-Z3HK - TcellPanel - glioma - COH001 - Viable.fcs	13 FR-FCM-Z3HK - TcellPanel - glioma - COH001 - Viable.fcs
FR-FCM-Z3HK - TcellPanel - glioma - SF10985 - Viable.fcs	14 FR-FCM-Z3HK - TcellPanel - glioma - SF10985 - Viable.fcs
FR-FCM-Z3HK - TcellPanel - glioma - SF11378 - Viable.fcs	15 FR-FCM-Z3HK - TcellPanel - glioma - SF11378 - Viable.fcs
FR-FCM-Z3HK - TcellPanel - glioma - SF10986 - Viable.fcs	16 FR-FCM-Z3HK - TcellPanel - glioma - SF10986 - Viable.fcs
FR-FCM-Z3HK - TcellPanel - glioma - SF10953 - Viable.fcs	17 FR-FCM-Z3HK - TcellPanel - glioma - SF10953 - Viable.fcs
FR-FCM-Z3HK - TcellPanel - glioma - SF11232 - Viable.fcs	18 FR-FCM-Z3HK - TcellPanel - glioma - SF11232 - Viable.fcs
FR-FCM-Z3HK - TcellPanel - glioma - SF11159 - Viable.fcs	19 FR-FCM-Z3HK - TcellPanel - glioma - SF11159 - Viable.fcs
FR-FCM-Z3HK - TcellPanel - PBMC_unstim - HealthyDonor - Viable.fcs	20 FR-FCM-Z3HK - TcellPanel - PBMC_unstim - HealthyDonor - Viable.fcs
FR-FCM-Z3HK - TcellPanel - kidney - IPIKID-97_T1 - Viable.fcs	21 FR-FCM-Z3HK - TcellPanel - kidney - IPIKID-97_T1 - Viable.fcs
FR-FCM-Z3HK - TcellPanel - kidney - CIPSOCKID-01_T1 - Viable.fcs	22 FR-FCM-Z3HK - TcellPanel - kidney - CIPSOCKID-01_T1 - Viable.fcs
FR-FCM-Z3HK - TcellPanel - kidney - IPIKID-103 - Viable.fcs	23 FR-FCM-Z3HK - TcellPanel - kidney - IPIKID-103 - Viable.fcs
FR-FCM-Z3HK - TcellPanel - kidney - IPIKID-073 - Viable.fcs	24 FR-FCM-Z3HK - TcellPanel - kidney - IPIKID-073 - Viable.fcs
FR-FCM-Z3HK - TcellPanel - kidney - IPIKID-111_T1 - Viable.fcs	25 FR-FCM-Z3HK - TcellPanel - kidney - IPIKID-111_T1 - Viable.fcs
FR-FCM-Z3HK - TcellPanel - kidney - IPIKID-076 - Viable.fcs	26 FR-FCM-Z3HK - TcellPanel - kidney - IPIKID-076 - Viable.fcs
FR-FCM-Z3HK - TcellPanel - kidney - IPIKID-109_T1 - Viable.fcs	27 FR-FCM-Z3HK - TcellPanel - kidney - IPIKID-109_T1 - Viable.fcs
FR-FCM-Z3HK - TcellPanel - kidney - CIPSOCKID-05_T1 - Viable.fcs	28 FR-FCM-Z3HK - TcellPanel - kidney - CIPSOCKID-05_T1 - Viable.fcs
FR-FCM-Z3HK - TcellPanel - kidney - IPIKID-100 - Viable.fcs	29 FR-FCM-Z3HK - TcellPanel - kidney - IPIKID-100 - Viable.fcs
FR-FCM-Z3HK - TcellPanel - kidney - IPIKID-101 - Viable.fcs	30 FR-FCM-Z3HK - TcellPanel - kidney - IPIKID-101 - Viable.fcs
FR-FCM-Z3HK - TcellPanel - kidney - CIPSOCKID-010_N1 - Viable.fcs	31 FR-FCM-Z3HK - TcellPanel - kidney - CIPSOCKID-010_N1 - Viable.fcs
FR-FCM-Z3HK - TcellPanel - kidney - CIPSOCKID-010_T1 - Viable.fcs	32 FR-FCM-Z3HK - TcellPanel - kidney - CIPSOCKID-010_T1 - Viable.fcs
FR-FCM-Z3HK - TcellPanel - kidney - CIPSOCKID-010_M1 - Viable.fcs	33 FR-FCM-Z3HK - TcellPanel - kidney - CIPSOCKID-010_M1 - Viable.fcs
FR-FCM-Z3HK - TcellPanel - sarcoma - IPISRC-09 - Viable.fcs	34 FR-FCM-Z3HK - TcellPanel - sarcoma - IPISRC-09 - Viable.fcs
FR-FCM-Z3HK - TcellPanel - sarcoma - IPISRC-013_N1 - Viable.fcs	35 FR-FCM-Z3HK - TcellPanel - sarcoma - IPISRC-013_N1 - Viable.fcs
FR-FCM-Z3HK - TcellPanel - sarcoma - IPISRC-013_T1 - Viable.fcs	36 FR-FCM-Z3HK - TcellPanel - sarcoma - IPISRC-013_T1 - Viable.fcs
FR-FCM-Z3HK - TcellPanel - sarcoma - IPISRC-016 - Viable.fcs	37 FR-FCM-Z3HK - TcellPanel - sarcoma - IPISRC-016 - Viable.fcs
FR-FCM-Z3HK - TcellPanel - sarcoma - IPISRC-10 - Viable.fcs	38 FR-FCM-Z3HK - TcellPanel - sarcoma - IPISRC-10 - Viable.fcs
FR-FCM-Z3HK - TcellPanel - PBMC_PHA - HealthyDonor - Viable.fcs	39 FR-FCM-Z3HK - TcellPanel - PBMC_PHA - HealthyDonor - Viable.fcs