FCSGUID,Condition
01 FR-FCM-Z3HK - TcellPanel - glioma - SF11723 - Viable.fcs,Glioma
02 FR-FCM-Z3HK - TcellPanel - glioma - SF11447 - Viable.fcs,Glioma
03 FR-FCM-Z3HK - TcellPanel - glioma - SF10711 - Viable.fcs,Glioma
04 FR-FCM-Z3HK - TcellPanel - glioma - SF11318A - Viable.fcs,Glioma
05 FR-FCM-Z3HK - TcellPanel - glioma - SF11048 - Viable.fcs,Glioma
06 FR-FCM-Z3HK - TcellPanel - glioma - SF10941 - Viable.fcs,Glioma
07 FR-FCM-Z3HK - TcellPanel - glioma - SF11331 - Viable.fcs,Glioma
08 FR-FCM-Z3HK - TcellPanel - glioma - SF11071 - Viable.fcs,Glioma
09 FR-FCM-Z3HK - TcellPanel - glioma - SF11517 - Viable.fcs,Glioma
10 FR-FCM-Z3HK - TcellPanel - glioma - SF11503 - Viable.fcs,Glioma
11 FR-FCM-Z3HK - TcellPanel - glioma - SF11512 - Viable.fcs,Glioma
12 FR-FCM-Z3HK - TcellPanel - glioma - SF11496 - Viable.fcs,Glioma
13 FR-FCM-Z3HK - TcellPanel - glioma - COH001 - Viable.fcs,Glioma
14 FR-FCM-Z3HK - TcellPanel - glioma - SF10985 - Viable.fcs,Glioma
15 FR-FCM-Z3HK - TcellPanel - glioma - SF11378 - Viable.fcs,Glioma
16 FR-FCM-Z3HK - TcellPanel - glioma - SF10986 - Viable.fcs,Glioma
17 FR-FCM-Z3HK - TcellPanel - glioma - SF10953 - Viable.fcs,Glioma
18 FR-FCM-Z3HK - TcellPanel - glioma - SF11232 - Viable.fcs,Glioma
19 FR-FCM-Z3HK - TcellPanel - glioma - SF11159 - Viable.fcs,Glioma
20 FR-FCM-Z3HK - TcellPanel - PBMC_unstim - HealthyDonor - Viable.fcs,NA
21 FR-FCM-Z3HK - TcellPanel - kidney - IPIKID-97_T1 - Viable.fcs,.Kidney
22 FR-FCM-Z3HK - TcellPanel - kidney - CIPSOCKID-01_T1 - Viable.fcs,.Kidney
23 FR-FCM-Z3HK - TcellPanel - kidney - IPIKID-103 - Viable.fcs,.Kidney
24 FR-FCM-Z3HK - TcellPanel - kidney - IPIKID-073 - Viable.fcs,.Kidney
25 FR-FCM-Z3HK - TcellPanel - kidney - IPIKID-111_T1 - Viable.fcs,.Kidney
26 FR-FCM-Z3HK - TcellPanel - kidney - IPIKID-076 - Viable.fcs,.Kidney
27 FR-FCM-Z3HK - TcellPanel - kidney - IPIKID-109_T1 - Viable.fcs,.Kidney
28 FR-FCM-Z3HK - TcellPanel - kidney - CIPSOCKID-05_T1 - Viable.fcs,.Kidney
29 FR-FCM-Z3HK - TcellPanel - kidney - IPIKID-100 - Viable.fcs,.Kidney
30 FR-FCM-Z3HK - TcellPanel - kidney - IPIKID-101 - Viable.fcs,.Kidney
31 FR-FCM-Z3HK - TcellPanel - kidney - CIPSOCKID-010_N1 - Viable.fcs,NA
32 FR-FCM-Z3HK - TcellPanel - kidney - CIPSOCKID-010_T1 - Viable.fcs,.Kidney
33 FR-FCM-Z3HK - TcellPanel - kidney - CIPSOCKID-010_M1 - Viable.fcs,NA
34 FR-FCM-Z3HK - TcellPanel - sarcoma - IPISRC-09 - Viable.fcs,NA
35 FR-FCM-Z3HK - TcellPanel - sarcoma - IPISRC-013_N1 - Viable.fcs,NA
36 FR-FCM-Z3HK - TcellPanel - sarcoma - IPISRC-013_T1 - Viable.fcs,NA
37 FR-FCM-Z3HK - TcellPanel - sarcoma - IPISRC-016 - Viable.fcs,NA
38 FR-FCM-Z3HK - TcellPanel - sarcoma - IPISRC-10 - Viable.fcs,NA
39 FR-FCM-Z3HK - TcellPanel - PBMC_PHA - HealthyDonor - Viable.fcs,NA